{"cameraMode":{"drawMode":0,"name":"Shaded","section":"Shading Mode"},"sceneLighting":true,"audioPlay":false,"sceneViewState":{"m_AlwaysRefresh":false,"showFog":true,"showSkybox":true,"showFlares":true,"showImageEffects":true,"showParticleSystems":true,"showVisualEffectGraphs":true,"m_FxEnabled":true},"in2DMode":false,"pivot":{"x":0.031528472900390628,"y":-0.4954648017883301,"z":1.4549012184143067},"rotation":{"x":-0.13728082180023194,"y":0.8544891476631165,"z":-0.2844114303588867,"w":-0.4124487042427063},"size":3.3589165210723879,"orthographic":false}