{"cameraMode":{"drawMode":0,"name":"Shaded","section":"Shading Mode"},"sceneLighting":true,"audioPlay":false,"sceneViewState":{"m_AlwaysRefresh":false,"showFog":true,"showSkybox":true,"showFlares":true,"showImageEffects":true,"showParticleSystems":true,"showVisualEffectGraphs":true,"m_FxEnabled":true},"in2DMode":false,"pivot":{"x":-1.958482265472412,"y":-0.6140011548995972,"z":-0.4781184196472168},"rotation":{"x":0.09601429849863053,"y":-0.7535696625709534,"z":0.11297289282083512,"w":0.6404405832290649},"size":1.7192449569702149,"orthographic":false}